{"type": "block", "layer": 0, "block": 0, "features": [{"geom": {"pts": [[-45.45256745015128, 0.9791122709542306, 0.0]], "rotateX": 0, "rotateY": 0, "rotateZ": 358, "scale": 0.0028168844828195304}, "model": 0}]}