{"type": "block", "layer": 5, "block": 0, "features": [{"geom": {"pts": [[-65.87243072652512, -115.82862334686119, 0.0]], "rotateX": 0, "rotateY": 0, "rotateZ": 52, "scale": 0.0028168844828195304}, "model": 0}]}