{"type": "block", "layer": 6, "block": 0, "features": [{"geom": {"pts": [[-5.7205472661190635, -5.641611589590153, 0.0]], "rotateX": 0, "rotateY": 0, "rotateZ": 358.5, "scale": 0.010845005258855192}, "model": 0}]}