{"type": "block", "layer": 7, "block": 0, "features": [{"geom": {"pts": [[91.46229479634364, 98.13084415982902, 0.0]], "rotateX": 0, "rotateY": 0, "rotateZ": 0, "scale": 0.004225326724229295}, "model": 0}]}