{"type": "block", "layer": 8, "block": 0, "features": [{"geom": {"pts": [[61.29195097776172, 79.43482388239227, 0.0]], "rotateX": 0, "rotateY": 0, "rotateZ": 0, "scale": 0.0035211056035244132}, "model": 0}]}