{"type": "block", "layer": 10, "block": 0, "features": [{"geom": {"pts": [[-65.30944117028382, -116.90564684543554, 0.0]], "rotateX": 0, "rotateY": 0, "rotateZ": 235, "scale": 0.0028168844828195304}, "model": 0}]}