{"type": "block", "layer": 11, "block": 0, "features": [{"geom": {"pts": [[-57.156508283737, -106.88467579525633, 0.0]], "rotateX": 0, "rotateY": 0, "rotateZ": 183, "scale": 0.0028168844828195304}, "model": 0}]}